时间戳,数字标签,经度,纬度,艏向,角速度,x坐标,向北速度,y坐标,向东速度,期望艏向,期望速度,期望角速度,期望舵角,期望推进器电压,舵角积分补偿,航速,实际舵角,实际推进器电压,艏PG1,艏PG2,艏PG3,角PG1,角PG2,角PG3,速PG1,速PG2,速PG3
2025-07-08 14:03:50.039655,556,126.62270960,45.80100950,94.813,-0.018,38.418,-0.114,20.225,-0.204,0.000,0.000,0.000,0.000,0.000,0.000,0.234,-0.611,0.000,0.000,1.000,0.000,0.000,1.000,0.000,0.000,1.000,0.000
2025-07-08 14:03:50.159752,126,126.62270920,45.80100930,94.704,-0.910,38.396,-0.127,20.194,-0.207,0.000,0.000,0.000,0.000,0.000,0.000,0.243,-0.611,0.000,0.000,1.000,0.000,0.000,1.000,0.000,0.000,1.000,0.000
2025-07-08 14:03:50.279878,9826,126.62270890,45.80100920,94.544,-1.330,38.384,-0.153,20.171,-0.195,0.000,0.000,0.000,0.000,0.000,0.000,0.248,-0.611,0.000,0.000,1.000,0.000,0.000,1.000,0.000,0.000,1.000,0.000
2025-07-08 14:03:50.399976,9406,126.62270850,45.80100900,94.474,-0.590,38.362,-0.143,20.140,-0.192,0.000,0.000,0.000,0.000,0.000,0.000,0.239,-0.722,0.000,0.000,1.000,0.000,0.000,1.000,0.000,0.000,1.000,0.000
2025-07-08 14:03:50.520103,9096,126.62270820,45.80100890,94.501,0.223,38.351,-0.125,20.117,-0.193,0.000,0.000,0.000,0.000,0.000,0.000,0.230,-0.722,0.000,0.000,1.000,0.000,0.000,1.000,0.000,0.000,1.000,0.000
2025-07-08 14:03:50.640227,8786,126.62270790,45.80100880,94.591,0.755,38.340,-0.063,20.093,-0.221,0.000,0.000,0.000,0.000,0.000,0.000,0.230,-0.722,0.000,0.000,1.000,0.000,0.000,1.000,0.000,0.000,1.000,0.000
2025-07-08 14:03:50.760317,8476,126.62270760,45.80100870,94.693,0.845,38.329,-0.042,20.070,-0.239,0.000,0.000,0.000,0.000,0.000,0.000,0.243,-0.722,0.000,0.000,1.000,0.000,0.000,1.000,0.000,0.000,1.000,0.000
2025-07-08 14:03:50.870423,7976,126.62270710,45.80100870,94.853,1.462,38.329,-0.044,20.031,-0.251,0.000,0.000,0.000,0.000,0.000,0.000,0.255,-0.722,0.000,0.000,1.000,0.000,0.000,1.000,0.000,0.000,1.000,0.000
2025-07-08 14:03:50.980527,7756,126.62270690,45.80100850,94.813,-0.365,38.307,-0.152,20.016,-0.195,0.000,0.000,0.000,0.000,0.000,0.000,0.247,-0.722,0.000,0.000,1.000,0.000,0.000,1.000,0.000,0.000,1.000,0.000
2025-07-08 14:03:51.090651,7446,126.62270660,45.80100840,94.720,-0.845,38.296,-0.167,19.992,-0.183,0.000,0.000,0.000,0.000,0.000,0.000,0.248,-0.722,0.000,0.000,1.000,0.000,0.000,1.000,0.000,0.000,1.000,0.000
2025-07-08 14:03:51.200747,7226,126.62270640,45.80100820,94.646,-0.676,38.273,-0.130,19.977,-0.178,0.000,0.000,0.000,0.000,0.000,0.000,0.220,-0.722,0.000,0.000,1.000,0.000,0.000,1.000,0.000,0.000,1.000,0.000
2025-07-08 14:03:51.310861,6913,126.62270610,45.80100810,94.627,-0.175,38.262,-0.094,19.954,-0.175,0.000,0.000,0.000,0.000,0.000,0.000,0.199,-0.722,0.000,0.000,1.000,0.000,0.000,1.000,0.000,0.000,1.000,0.000
2025-07-08 14:03:51.420938,6706,126.62270590,45.80100800,94.655,0.256,38.251,-0.128,19.938,-0.245,0.000,0.000,0.000,0.000,0.000,0.000,0.276,-0.500,0.000,0.000,1.000,0.000,0.000,1.000,0.000,0.000,1.000,0.000
2025-07-08 14:03:51.531064,6396,126.62270560,45.80100790,94.698,0.393,38.240,-0.122,19.915,-0.269,0.000,0.000,0.000,0.000,0.000,0.000,0.295,-0.500,0.000,0.000,1.000,0.000,0.000,1.000,0.000,0.000,1.000,0.000
2025-07-08 14:03:51.641179,6086,126.62270530,45.80100780,94.718,0.178,38.229,-0.145,19.892,-0.252,0.000,0.000,0.000,0.000,0.000,0.000,0.291,-0.500,0.000,0.000,1.000,0.000,0.000,1.000,0.000,0.000,1.000,0.000
2025-07-08 14:03:51.751276,5669,126.62270490,45.80100760,94.707,-0.098,38.207,-0.159,19.861,-0.260,0.000,0.000,0.000,0.000,0.000,0.000,0.305,-0.500,0.000,0.000,1.000,0.000,0.000,1.000,0.000,0.000,1.000,0.000
2025-07-08 14:03:51.861371,5356,126.62270460,45.80100750,94.686,-0.191,38.195,-0.150,19.837,-0.238,0.000,0.000,0.000,0.000,0.000,0.000,0.281,-1.111,0.000,0.000,1.000,0.000,0.000,1.000,0.000,0.000,1.000,0.000
2025-07-08 14:03:51.971477,5146,126.62270440,45.80100740,94.671,-0.136,38.184,-0.114,19.822,-0.180,0.000,0.000,0.000,0.000,0.000,0.000,0.213,-1.111,0.000,0.000,1.000,0.000,0.000,1.000,0.000,0.000,1.000,0.000
2025-07-08 14:03:52.081588,4933,126.62270420,45.80100730,94.680,0.082,38.173,-0.092,19.806,-0.167,0.000,0.000,0.000,0.000,0.000,0.000,0.191,-1.111,0.000,0.000,1.000,0.000,0.000,1.000,0.000,0.000,1.000,0.000
2025-07-08 14:03:52.191682,4716,126.62270400,45.80100710,94.687,0.065,38.151,-0.150,19.791,-0.256,0.000,0.000,0.000,0.000,0.000,0.000,0.297,-1.111,0.000,0.000,1.000,0.000,0.000,1.000,0.000,0.000,1.000,0.000
2025-07-08 14:03:52.301785,4409,126.62270370,45.80100700,94.672,-0.142,38.140,-0.149,19.768,-0.305,0.000,0.000,0.000,0.000,0.000,0.000,0.339,-1.111,0.000,0.000,1.000,0.000,0.000,1.000,0.000,0.000,1.000,0.000
2025-07-08 14:03:52.411875,3999,126.62270330,45.80100690,94.615,-0.513,38.129,-0.190,19.737,-0.271,0.000,0.000,0.000,0.000,0.000,0.000,0.331,-0.722,0.000,0.000,1.000,0.000,0.000,1.000,0.000,0.000,1.000,0.000
2025-07-08 14:03:52.522019,3589,126.62270290,45.80100680,94.535,-0.731,38.118,-0.214,19.706,-0.275,0.000,0.000,0.000,0.000,0.000,0.000,0.348,-0.722,0.000,0.000,1.000,0.000,0.000,1.000,0.000,0.000,1.000,0.000
2025-07-08 14:03:52.632111,3263,126.62270260,45.80100660,94.472,-0.562,38.095,-0.110,19.682,-0.110,0.000,0.000,0.000,0.000,0.000,0.000,0.156,-0.722,0.000,0.000,1.000,0.000,0.000,1.000,0.000,0.000,1.000,0.000
2025-07-08 14:03:52.742236,2843,126.62270220,45.80100640,94.477,0.044,38.073,-0.075,19.651,-0.082,0.000,0.000,0.000,0.000,0.000,0.000,0.111,-0.722,0.000,0.000,1.000,0.000,0.000,1.000,0.000,0.000,1.000,0.000
2025-07-08 14:03:52.852320,2640,126.62270200,45.80100640,94.558,0.736,38.073,-0.026,19.636,-0.081,0.000,0.000,0.000,0.000,0.000,0.000,0.085,-1.556,0.000,0.000,1.000,0.000,0.000,1.000,0.000,0.000,1.000,0.000
2025-07-08 14:03:52.962433,2336,126.62270170,45.80100630,94.708,1.358,38.062,-0.115,19.613,-0.227,0.000,0.000,0.000,0.000,0.000,0.000,0.254,-1.556,0.000,0.000,1.000,0.000,0.000,1.000,0.000,0.000,1.000,0.000
2025-07-08 14:03:53.072527,2116,126.62270150,45.80100610,94.787,0.725,38.040,-0.116,19.597,-0.235,0.000,0.000,0.000,0.000,0.000,0.000,0.262,-1.556,0.000,0.000,1.000,0.000,0.000,1.000,0.000,0.000,1.000,0.000
2025-07-08 14:03:53.182988,1909,126.62270130,45.80100600,94.756,-0.284,38.029,-0.179,19.582,-0.258,180.000,0.700,0.000,0.000,0.000,0.000,0.314,-1.556,0.000,0.000,1.000,0.000,0.000,1.000,0.000,0.000,1.000,0.000
2025-07-08 14:03:53.293091,1589,126.62270100,45.80100580,157.702,-0.284,38.006,-0.221,19.558,-0.257,180.000,0.700,0.000,30.000,2.509,0.000,0.339,-1.556,0.000,0.000,1.000,0.000,0.000,1.000,0.000,0.000,1.000,0.000
2025-07-08 14:03:53.403204,1266,126.62270070,45.80100560,157.398,-2.764,37.984,-0.151,19.535,-0.245,180.000,0.700,0.000,8.065,0.506,0.000,0.288,-1.222,0.000,0.000,1.988,0.000,0.000,1.000,0.000,0.000,1.000,0.000
2025-07-08 14:03:53.513428,949,126.62270040,45.80100540,157.366,-0.291,37.962,-0.128,19.512,-0.288,180.000,0.700,0.000,9.858,1.008,0.000,0.315,-1.222,0.000,0.000,1.865,-0.460,0.000,1.000,0.000,0.000,1.000,0.000
2025-07-08 14:03:53.623411,523,126.62270000,45.80100520,157.499,1.209,37.940,-0.073,19.481,-0.163,180.000,0.700,0.000,15.214,0.701,0.000,0.179,-1.222,0.000,0.000,1.312,-0.912,0.000,1.000,0.000,0.000,1.000,0.000
2025-07-08 14:03:53.733521,213,126.62269970,45.80100510,157.708,1.900,37.929,-0.022,19.458,-0.178,180.000,0.700,0.000,24.090,1.735,0.000,0.179,-1.222,0.000,0.000,0.927,-1.162,0.000,1.000,0.000,0.000,1.000,0.000
2025-07-08 14:03:53.843600,9813,126.62269930,45.80100510,158.068,3.273,37.929,0.003,19.427,-0.145,180.000,0.700,0.000,30.000,1.225,0.000,0.145,13.444,0.000,0.000,0.810,-1.236,0.000,1.000,0.000,0.000,1.000,0.000
2025-07-08 14:03:53.953736,9503,126.62269900,45.80100500,158.265,1.791,37.917,-0.074,19.403,-0.170,180.000,0.700,0.000,30.000,1.550,0.000,0.185,13.444,0.000,0.000,0.921,-1.147,0.000,1.000,0.000,0.000,1.000,0.000
2025-07-08 14:03:54.063838,9296,126.62269880,45.80100490,158.313,0.436,37.906,-0.142,19.388,-0.198,180.000,0.700,0.000,29.028,1.272,0.000,0.244,13.444,0.000,0.000,1.031,-1.037,0.000,1.000,0.000,0.000,1.000,0.000
2025-07-08 14:03:54.173945,9089,126.62269860,45.80100480,158.201,-1.018,37.895,-0.154,19.372,-0.261,180.000,0.700,0.000,27.823,1.217,0.000,0.303,13.444,0.000,0.000,1.050,-1.017,0.000,1.000,0.000,0.000,1.000,0.000
2025-07-08 14:03:54.284131,8769,126.62269830,45.80100460,158.023,-1.604,37.873,-0.186,19.349,-0.320,180.000,0.700,0.000,27.159,1.224,0.000,0.370,13.444,0.000,0.000,1.053,-1.014,0.000,1.000,0.000,0.000,1.000,0.000
2025-07-08 14:03:54.394158,8336,126.62269790,45.80100440,157.980,-0.391,37.851,-0.142,19.318,-0.184,180.000,0.700,0.000,27.225,1.175,0.000,0.232,27.611,0.000,0.000,1.043,-1.024,0.000,1.000,0.000,0.000,1.000,0.000
2025-07-08 14:03:54.504282,7936,126.62269750,45.80100430,158.159,1.627,37.840,-0.099,19.287,-0.210,180.000,0.700,0.000,27.644,2.385,0.000,0.232,27.611,0.000,0.000,1.032,-1.035,0.000,1.000,0.000,0.000,1.000,0.000
2025-07-08 14:03:54.614379,7523,126.62269710,45.80100420,158.576,3.791,37.829,-0.074,19.256,-0.108,180.000,0.700,0.000,27.867,1.864,0.000,0.131,27.611,0.000,0.000,1.029,-1.038,0.000,1.000,0.000,0.000,1.000,0.000
2025-07-08 14:03:54.724468,7220,126.62269680,45.80100420,158.978,3.655,37.829,-0.033,19.233,-0.073,180.000,0.700,0.000,27.505,2.577,0.000,0.080,27.611,0.000,0.000,1.036,-1.031,0.000,1.000,0.000,0.000,1.000,0.000
2025-07-08 14:03:54.834575,6820,126.62269640,45.80100420,159.272,2.673,37.829,-0.016,19.202,-0.048,180.000,0.700,0.000,26.744,2.550,0.000,0.051,27.500,0.000,0.000,1.047,-1.020,0.000,1.000,0.000,0.000,1.000,0.000
2025-07-08 14:03:54.944718,6616,126.62269620,45.80100410,159.367,0.864,37.817,-0.061,19.186,-0.220,180.000,0.700,0.000,25.982,2.634,0.000,0.228,27.500,0.000,0.000,1.053,-1.014,0.000,1.000,0.000,0.000,1.000,0.000
2025-07-08 14:03:55.054795,6309,126.62269590,45.80100400,159.310,-0.518,37.806,-0.217,19.163,-0.292,180.000,0.700,0.000,25.607,1.569,0.000,0.364,27.500,0.000,0.000,1.050,-1.016,0.000,1.000,0.000,0.000,1.000,0.000
2025-07-08 14:03:55.164889,5896,126.62269550,45.80100390,159.348,0.345,37.795,-0.240,19.132,-0.134,180.000,0.700,0.000,25.734,1.661,0.000,0.275,27.500,0.000,0.000,1.041,-1.026,0.000,1.000,0.000,0.000,1.000,0.000
2025-07-08 14:03:55.274993,5476,126.62269510,45.80100370,159.727,3.445,37.773,-0.198,19.101,-0.179,180.000,0.700,0.000,26.032,2.888,0.000,0.267,27.500,0.000,0.000,1.032,-1.035,0.000,1.000,0.000,0.000,1.000,0.000
2025-07-08 14:03:55.385096,5073,126.62269470,45.80100370,160.307,5.225,37.773,-0.162,19.070,-0.103,180.000,0.700,0.000,25.897,2.626,0.000,0.192,22.389,0.000,0.000,1.035,-1.032,0.000,1.000,0.000,0.000,1.000,0.000
2025-07-08 14:03:55.495186,4663,126.62269430,45.80100360,160.992,6.227,37.762,-0.122,19.039,-0.086,180.000,0.700,0.000,25.133,3.137,0.000,0.149,22.389,0.000,0.000,1.046,-1.020,0.000,1.000,0.000,0.000,1.000,0.000
2025-07-08 14:03:55.605428,4366,126.62269400,45.80100360,161.430,3.982,37.762,-0.210,19.016,-0.100,180.000,0.700,0.000,23.910,3.168,0.000,0.233,22.389,0.000,0.000,1.061,-1.005,0.000,1.000,0.000,0.000,1.000,0.000
2025-07-08 14:03:55.715415,4056,126.62269370,45.80100350,161.773,3.118,37.751,-0.173,18.992,-0.135,180.000,0.700,0.000,22.856,2.592,0.000,0.219,22.389,0.000,0.000,1.067,-0.999,0.000,1.000,0.000,0.000,1.000,0.000
2025-07-08 14:03:55.825522,3656,126.62269330,45.80100350,162.139,3.327,37.751,-0.144,18.961,-0.198,180.000,0.700,0.000,22.205,3.152,0.000,0.245,22.444,0.000,0.000,1.064,-1.002,0.000,1.000,0.000,0.000,1.000,0.000
2025-07-08 14:03:55.935622,3339,126.62269300,45.80100330,162.805,6.055,37.728,-0.302,18.938,-0.221,180.000,0.700,0.000,21.842,3.045,0.000,0.374,22.444,0.000,0.000,1.057,-1.009,0.000,1.000,0.000,0.000,1.000,0.000
2025-07-08 14:03:56.045737,3199,126.62269290,45.80100290,163.596,7.191,37.684,-0.318,18.930,-0.042,180.000,0.700,0.000,21.271,2.479,0.000,0.321,22.444,0.000,0.000,1.057,-1.010,0.000,1.000,0.000,0.000,1.000,0.000
2025-07-08 14:03:56.155828,3036,126.62269280,45.80100230,164.633,9.427,37.617,-0.284,18.923,-0.020,180.000,0.700,0.000,20.337,3.461,0.000,0.285,22.444,0.000,0.000,1.064,-1.002,0.000,1.000,0.000,0.000,1.000,0.000
2025-07-08 14:03:56.265935,2996,126.62269280,45.80100200,165.615,8.927,37.584,-0.246,18.923,0.060,180.000,0.700,0.000,18.921,3.519,0.000,0.253,22.444,0.000,0.000,1.079,-0.986,0.000,1.000,0.000,0.000,1.000,0.000
2025-07-08 14:03:56.376166,2969,126.62269280,45.80100160,166.763,10.342,37.539,-0.311,18.923,-0.046,180.000,0.700,0.000,17.365,3.638,0.000,0.314,20.722,0.000,0.000,1.093,-0.972,0.000,1.000,0.000,0.000,1.000,0.000
2025-07-08 14:03:56.486162,2936,126.62269280,45.80100130,167.907,10.400,37.506,-0.258,18.923,-0.103,180.000,0.700,0.000,15.708,3.224,0.000,0.278,20.722,0.000,0.000,1.105,-0.958,0.000,1.000,0.000,0.000,1.000,0.000
2025-07-08 14:03:56.596277,2712,126.62269260,45.80100100,168.933,9.327,37.473,-0.412,18.907,0.004,180.000,0.700,0.000,14.102,3.807,0.000,0.412,20.722,0.000,0.000,1.115,-0.947,0.000,1.000,0.000,0.000,1.000,0.000
2025-07-08 14:03:56.706363,2582,126.62269250,45.80100070,170.116,10.755,37.439,-0.407,18.899,-0.020,180.000,0.700,0.000,12.710,2.923,0.000,0.407,20.722,0.000,0.000,1.120,-0.942,0.000,1.000,0.000,0.000,1.000,0.000
2025-07-08 14:03:56.816470,2359,126.62269230,45.80100050,174.688,10.755,37.417,-0.385,18.884,-0.001,180.000,0.700,0.000,11.315,3.623,0.000,0.385,20.722,0.000,0.000,1.126,-0.935,0.000,1.000,0.000,0.000,1.000,0.000
2025-07-08 14:03:56.926549,2422,126.62269240,45.80100010,175.406,6.524,37.373,-0.401,18.892,0.130,180.000,0.700,0.000,7.005,3.803,0.000,0.422,12.500,0.000,0.000,1.234,-0.814,0.000,1.000,0.000,0.000,1.000,0.000
2025-07-08 14:03:57.036672,2862,126.62269290,45.80099950,176.138,6.660,37.306,-0.417,18.930,0.073,180.000,0.700,0.000,4.756,3.549,0.000,0.423,12.500,0.000,0.000,1.266,-0.761,0.000,1.000,0.000,0.000,1.000,0.000
2025-07-08 14:03:57.146760,3399,126.62269350,45.80099890,176.958,7.451,37.239,-0.366,18.977,0.076,180.000,0.700,0.000,3.602,3.766,0.000,0.374,12.500,0.000,0.000,1.268,-0.760,0.000,1.000,0.000,0.000,1.000,0.000
2025-07-08 14:03:57.256875,3755,126.62269390,45.80099840,177.602,5.853,37.184,-0.543,19.008,-0.059,180.000,0.700,0.000,2.800,4.134,0.000,0.546,12.500,0.000,0.000,1.264,-0.764,0.000,1.000,0.000,0.000,1.000,0.000
2025-07-08 14:03:57.366984,4198,126.62269440,45.80099780,178.237,5.776,37.117,-0.657,19.047,0.026,180.000,0.700,0.000,2.204,2.940,0.000,0.658,4.611,0.000,0.000,1.261,-0.769,0.000,1.000,0.000,0.000,1.000,0.000
2025-07-08 14:03:57.477074,4348,126.62269460,45.80099730,178.727,4.456,37.061,-0.671,19.062,0.039,180.000,0.700,0.000,1.670,3.084,0.000,0.672,4.611,0.000,0.000,1.261,-0.768,0.000,1.000,0.000,0.000,1.000,0.000
2025-07-08 14:03:57.587192,4691,126.62269500,45.80099670,179.247,4.681,36.995,-0.727,19.093,0.044,180.000,0.700,0.000,1.231,3.510,0.000,0.728,4.611,0.000,0.000,1.262,-0.767,0.000,1.000,0.000,0.000,1.000,0.000
2025-07-08 14:03:57.697287,4941,126.62269530,45.80099620,179.702,4.140,36.939,-0.701,19.117,0.078,180.000,0.700,0.000,0.810,3.243,0.000,0.705,4.611,0.000,0.000,1.265,-0.763,0.000,1.000,0.000,0.000,1.000,0.000
2025-07-08 14:03:57.807390,5278,126.62269570,45.80099560,-179.725,4.140,36.872,-0.656,19.148,0.078,180.000,0.700,0.000,0.429,3.631,0.000,0.661,4.611,0.000,0.000,1.268,-0.758,0.000,1.000,0.000,0.000,1.000,0.000
2025-07-08 14:03:57.917496,5521,126.62269600,45.80099500,-179.178,4.975,36.806,-0.721,19.171,-0.036,180.000,0.700,0.000,0.007,3.796,-0.000,0.722,2.222,0.000,0.000,1.268,-0.758,0.000,1.000,0.000,0.000,1.000,0.000
2025-07-08 14:03:58.027602,5311,126.62269590,45.80099390,-178.579,5.449,36.683,-0.707,19.163,-0.017,180.000,0.700,0.000,-0.416,3.231,0.000,0.707,2.222,0.000,0.000,1.268,-0.755,0.000,1.000,0.000,0.000,1.000,0.000
2025-07-08 14:03:58.137708,5221,126.62269590,45.80099300,-178.157,3.829,36.583,-0.718,19.163,0.012,180.000,0.700,0.000,-0.868,3.594,0.000,0.718,2.222,0.000,0.000,1.263,-0.755,0.000,1.000,0.000,0.000,1.000,0.000
2025-07-08 14:03:58.247822,5114,126.62269590,45.80099190,-177.806,3.191,36.461,-0.854,19.163,-0.060,180.000,0.700,0.000,-1.247,3.459,0.000,0.856,2.222,0.000,0.000,1.253,-0.760,0.000,1.000,0.000,0.000,1.000,0.000
2025-07-08 14:03:58.357905,5014,126.62269590,45.80099090,-177.535,2.465,36.350,-0.848,19.163,-0.068,180.000,0.700,0.000,-1.578,2.672,0.000,0.851,-0.167,0.000,0.000,1.238,-0.770,0.000,1.000,0.000,0.000,1.000,0.000
2025-07-08 14:03:58.468154,4814,126.62269580,45.80098990,-177.140,3.557,36.238,-0.819,19.155,-0.124,180.000,0.700,0.000,-1.868,3.296,0.000,0.828,-0.167,0.000,0.000,1.219,-0.785,0.000,1.000,0.000,0.000,1.000,0.000
2025-07-08 14:03:58.578114,4614,126.62269570,45.80098890,-176.695,4.053,36.127,-0.850,19.148,-0.104,180.000,0.700,0.000,-2.232,3.373,0.000,0.856,-0.167,0.000,0.000,1.193,-0.807,0.000,1.000,0.000,0.000,1.000,0.000
2025-07-08 14:03:58.688238,4514,126.62269570,45.80098800,-176.358,3.060,36.027,-0.862,19.148,-0.079,180.000,0.700,0.000,-2.689,3.074,0.000,0.866,-0.167,0.000,0.000,1.160,-0.834,0.000,1.000,0.000,0.000,1.000,0.000
2025-07-08 14:03:58.798346,4424,126.62269570,45.80098700,-176.105,2.296,35.916,-0.883,19.148,-0.042,180.000,0.700,0.000,-3.169,3.111,0.000,0.884,-0.167,0.000,0.000,1.122,-0.866,0.000,1.000,0.000,0.000,1.000,0.000
2025-07-08 14:03:58.908430,4334,126.62269570,45.80098610,-175.978,1.156,35.816,-0.815,19.148,-0.117,180.000,0.700,0.000,-3.658,3.006,0.000,0.823,-1.889,0.000,0.000,1.082,-0.900,0.000,1.000,0.000,0.000,1.000,0.000
2025-07-08 14:03:59.018553,3934,126.62269540,45.80098510,-175.801,1.615,35.705,-0.867,19.124,-0.185,180.000,0.700,0.000,-4.106,3.415,0.000,0.887,-1.889,0.000,0.000,1.046,-0.932,0.000,1.000,0.000,0.000,1.000,0.000
2025-07-08 14:03:59.128647,3544,126.62269510,45.80098420,-175.592,1.898,35.605,-0.873,19.101,-0.200,180.000,0.700,0.000,-4.588,2.731,0.000,0.896,-1.889,0.000,0.000,1.012,-0.961,0.000,1.000,0.000,0.000,1.000,0.000
2025-07-08 14:03:59.248437,3044,126.62269470,45.80098320,-175.360,1.935,35.493,-0.832,19.070,-0.163,180.000,0.700,0.000,-5.125,2.924,0.000,0.848,-1.889,0.000,0.000,0.982,-0.988,0.000,1.000,0.000,0.000,1.000,0.000
2025-07-08 14:03:59.358533,2634,126.62269440,45.80098210,-175.192,1.522,35.371,-0.851,19.047,-0.156,180.000,0.700,0.000,-5.713,3.202,0.000,0.865,-3.500,0.000,0.000,0.957,-1.011,0.000,1.000,0.000,0.000,1.000,0.000
2025-07-08 14:03:59.468621,2247,126.62269410,45.80098120,-175.091,0.922,35.271,-0.912,19.023,-0.154,180.000,0.700,0.000,-6.259,2.851,0.000,0.925,-3.500,0.000,0.000,0.940,-1.026,0.000,1.000,0.000,0.000,1.000,0.000
2025-07-08 14:03:59.578737,1847,126.62269380,45.80098020,-175.017,0.671,35.160,-0.890,19.000,-0.191,180.000,0.700,0.000,-6.669,2.532,0.000,0.910,-3.500,0.000,0.000,0.936,-1.030,0.000,1.000,0.000,0.000,1.000,0.000
2025-07-08 14:03:59.688846,1557,126.62269360,45.80097930,-174.986,0.284,35.060,-0.908,18.985,-0.179,180.000,0.700,0.000,-6.911,2.843,0.000,0.925,-3.500,0.000,0.000,0.940,-1.025,0.000,1.000,0.000,0.000,1.000,0.000
2025-07-08 14:03:59.799064,1257,126.62269340,45.80097830,-174.917,0.622,34.949,-0.911,18.969,-0.197,180.000,0.700,0.000,-6.974,2.638,0.000,0.932,-3.500,0.000,0.000,0.952,-1.015,0.000,1.000,0.000,0.000,1.000,0.000
2025-07-08 14:03:59.909050,844,126.62269310,45.80097720,-174.805,1.020,34.826,-0.858,18.946,-0.256,180.000,0.700,0.000,-6.957,2.618,0.000,0.895,3.667,0.000,0.000,0.962,-1.004,0.000,1.000,0.000,0.000,1.000,0.000
2025-07-08 14:04:00.019142,264,126.62269260,45.80097640,-174.672,1.200,34.737,-0.863,18.907,-0.235,180.000,0.700,0.000,-6.959,2.818,0.000,0.894,3.667,0.000,0.000,0.969,-0.997,0.000,1.000,0.000,0.000,1.000,0.000
2025-07-08 14:04:00.139260,9667,126.62269210,45.80097540,-174.541,1.090,34.626,-0.865,18.868,-0.250,180.000,0.700,0.000,-7.024,2.614,0.000,0.900,3.667,0.000,0.000,0.971,-0.995,0.000,1.000,0.000,0.000,1.000,0.000
2025-07-08 14:04:00.259376,8977,126.62269150,45.80097450,-174.454,0.730,34.526,-0.878,18.822,-0.200,180.000,0.700,0.000,-7.148,2.533,0.000,0.900,3.667,0.000,0.000,0.970,-0.996,0.000,1.000,0.000,0.000,1.000,0.000
2025-07-08 14:04:00.379483,8374,126.62269100,45.80097350,-174.421,0.275,34.415,-0.837,18.783,-0.161,180.000,0.700,0.000,-7.277,2.509,0.000,0.852,-6.889,0.000,0.000,0.969,-0.997,0.000,1.000,0.000,0.000,1.000,0.000
2025-07-08 14:04:00.499593,7874,126.62269060,45.80097250,-174.320,0.840,34.304,-0.860,18.752,-0.121,180.000,0.700,0.000,-7.355,2.734,0.000,0.868,-6.889,0.000,0.000,0.971,-0.996,0.000,1.000,0.000,0.000,1.000,0.000
2025-07-08 14:04:00.619715,7371,126.62269020,45.80097160,-174.237,0.690,34.204,-0.753,18.721,-0.199,180.000,0.700,0.000,-7.458,2.406,0.000,0.779,-6.889,0.000,0.000,0.971,-0.995,0.000,1.000,0.000,0.000,1.000,0.000
2025-07-08 14:04:00.739832,6771,126.62268970,45.80097050,-174.230,0.055,34.081,-0.740,18.682,-0.211,180.000,0.700,0.000,-7.565,2.940,0.000,0.769,-6.889,0.000,0.000,0.971,-0.996,0.000,1.000,0.000,0.000,1.000,0.000
2025-07-08 14:04:00.859931,6281,126.62268930,45.80096960,-174.266,-0.300,33.981,-0.734,18.651,-0.252,180.000,0.700,0.000,-7.602,2.601,0.000,0.776,-6.889,0.000,0.000,0.973,-0.993,0.000,1.000,0.000,0.000,1.000,0.000
2025-07-08 14:04:00.980052,5594,126.62268870,45.80096870,-174.350,-0.695,33.881,-0.848,18.605,-0.247,180.000,0.700,0.000,-7.553,2.508,0.000,0.883,-6.889,0.000,0.000,0.979,-0.988,0.000,1.000,0.000,0.000,1.000,0.000
2025-07-08 14:04:01.100166,4817,126.62268800,45.80096790,-174.526,-1.458,33.792,-0.898,18.551,-0.241,180.000,0.700,0.000,-7.411,1.910,0.000,0.930,-6.889,0.000,0.000,0.986,-0.981,0.000,1.000,0.000,0.000,1.000,0.000
2025-07-08 14:04:01.220278,4124,126.62268740,45.80096700,-174.689,-1.360,33.692,-0.785,18.504,-0.230,180.000,0.700,0.000,-7.143,2.049,0.000,0.818,-6.889,0.000,0.000,0.995,-0.971,0.000,1.000,0.000,0.000,1.000,0.000
2025-07-08 14:04:01.330377,3424,126.62268680,45.80096600,-174.814,-1.129,33.581,-0.774,18.458,-0.205,180.000,0.700,0.000,-6.832,2.820,0.000,0.801,-6.889,0.000,0.000,1.004,-0.962,0.000,1.000,0.000,0.000,1.000,0.000
2025-07-08 14:04:01.440484,2854,126.62268630,45.80096530,-174.916,-0.933,33.503,-0.752,18.419,-0.285,180.000,0.700,0.000,-6.561,2.431,0.000,0.804,-6.889,0.000,0.000,1.009,-0.957,0.000,1.000,0.000,0.000,1.000,0.000
2025-07-08 14:04:01.550600,2264,126.62268580,45.80096440,-175.064,-1.342,33.403,-0.773,18.380,-0.298,180.000,0.700,0.000,-6.356,2.309,0.000,0.828,-6.889,0.000,0.000,1.009,-0.956,0.000,1.000,0.000,0.000,1.000,0.000
2025-07-08 14:04:01.660696,1684,126.62268530,45.80096370,-175.268,-1.860,33.325,-0.633,18.341,-0.624,180.000,0.700,0.000,-6.163,2.156,0.000,0.889,-6.889,0.000,0.000,1.010,-0.956,0.000,1.000,0.000,0.000,1.000,0.000
2025-07-08 14:04:01.770809,917,126.62268460,45.80096290,-175.558,-2.635,33.236,-0.644,18.287,-0.641,180.000,0.700,0.000,-5.928,1.873,0.000,0.909,-6.889,0.000,0.000,1.012,-0.954,0.000,1.000,0.000,0.000,1.000,0.000
2025-07-08 14:04:01.880923,237,126.62268400,45.80096210,-175.826,-2.438,33.147,-0.658,18.241,-0.644,180.000,0.700,0.000,-5.596,1.986,0.000,0.921,-9.389,0.000,0.000,1.018,-0.948,0.000,1.000,0.000,0.000,1.000,0.000
2025-07-08 14:04:01.991014,9087,126.62268290,45.80096160,-175.988,-1.467,33.092,-0.573,18.155,-0.696,180.000,0.700,0.000,-5.229,1.957,0.000,0.902,-9.389,0.000,0.000,1.024,-0.941,0.000,1.000,0.000,0.000,1.000,0.000
2025-07-08 14:04:02.101126,7957,126.62268180,45.80096130,-176.155,-1.508,33.058,-0.587,18.070,-0.692,180.000,0.700,0.000,-4.937,2.079,0.000,0.907,-9.389,0.000,0.000,1.026,-0.938,0.000,1.000,0.000,0.000,1.000,0.000
2025-07-08 14:04:02.211221,6801,126.62268070,45.80096080,-176.384,-2.084,33.003,-0.705,17.985,-0.318,180.000,0.700,0.000,-4.694,1.912,0.000,0.773,-9.389,0.000,0.000,1.027,-0.938,0.000,1.000,0.000,0.000,1.000,0.000
2025-07-08 14:04:02.321326,6041,126.62268000,45.80096020,-176.647,-2.389,32.936,-0.715,17.930,-0.341,180.000,0.700,0.000,-4.432,2.703,0.000,0.792,-5.000,0.000,0.000,1.028,-0.937,0.000,1.000,0.000,0.000,1.000,0.000
2025-07-08 14:04:02.431422,5281,126.62267930,45.80095960,-177.009,-3.289,32.869,-0.718,17.876,-0.312,180.000,0.700,0.000,-4.132,1.965,0.000,0.783,-5.000,0.000,0.000,1.031,-0.933,0.000,1.000,0.000,0.000,1.000,0.000
2025-07-08 14:04:02.541542,4521,126.62267860,45.80095900,-177.325,-2.869,32.803,-0.712,17.822,-0.317,180.000,0.700,0.000,-3.739,2.086,0.000,0.779,-5.000,0.000,0.000,1.038,-0.926,0.000,1.000,0.000,0.000,1.000,0.000
2025-07-08 14:04:02.651787,3754,126.62267790,45.80095830,-177.619,-2.678,32.725,-0.763,17.768,-0.254,180.000,0.700,0.000,-3.333,2.046,0.000,0.804,-5.000,0.000,0.000,1.046,-0.917,0.000,1.000,0.000,0.000,1.000,0.000
2025-07-08 14:04:02.761752,2974,126.62267720,45.80095760,-177.851,-2.105,32.647,-0.770,17.713,-0.252,180.000,0.700,0.000,-2.944,1.863,0.000,0.810,-5.000,0.000,0.000,1.052,-0.910,0.000,1.000,0.000,0.000,1.000,0.000
2025-07-08 14:04:02.871836,2314,126.62267660,45.80095700,-178.053,-1.838,32.580,-0.775,17.667,-0.261,180.000,0.700,0.000,-2.614,1.916,0.000,0.818,-4.889,0.000,0.000,1.056,-0.906,0.000,1.000,0.000,0.000,1.000,0.000
2025-07-08 14:04:02.981963,2141,126.62267650,45.80095620,-178.326,-2.482,32.491,-0.703,17.659,-0.277,180.000,0.700,0.000,-2.335,1.874,0.000,0.756,-4.889,0.000,0.000,1.059,-0.903,0.000,1.000,0.000,0.000,1.000,0.000
2025-07-08 14:04:03.092068,2171,126.62267660,45.80095550,-178.556,-2.095,32.413,-0.688,17.667,-0.273,180.000,0.700,0.000,-2.040,2.258,0.000,0.740,-4.889,0.000,0.000,1.062,-0.899,0.000,1.000,0.000,0.000,1.000,0.000
2025-07-08 14:04:03.202172,2091,126.62267660,45.80095470,-178.793,-2.130,32.324,-0.729,17.667,-0.230,180.000,0.700,0.000,-1.764,2.056,0.000,0.764,-4.889,0.000,0.000,1.065,-0.896,0.000,1.000,0.000,0.000,1.000,0.000
2025-07-08 14:04:03.312259,2011,126.62267660,45.80095390,-179.020,-2.062,32.235,-0.749,17.667,-0.241,180.000,0.700,0.000,-1.496,1.831,0.000,0.787,-4.889,0.000,0.000,1.068,-0.892,0.000,1.000,0.000,0.000,1.000,0.000
2025-07-08 14:04:03.422373,1831,126.62267650,45.80095310,-179.363,-3.120,32.146,-0.700,17.659,-0.296,180.000,0.700,0.000,-1.239,1.792,0.000,0.760,-4.667,0.000,0.000,1.071,-0.889,0.000,1.000,0.000,0.000,1.000,0.000
2025-07-08 14:04:03.532483,1661,126.62267640,45.80095240,-179.727,-3.311,32.069,-0.718,17.651,-0.328,180.000,0.700,0.000,-0.920,2.036,0.000,0.789,-4.667,0.000,0.000,1.075,-0.884,0.000,1.000,0.000,0.000,1.000,0.000
2025-07-08 14:04:03.642595,1261,126.62267610,45.80095150,179.859,-3.311,31.969,-0.720,17.628,-0.258,180.000,0.700,0.000,-0.565,1.724,0.000,0.765,-4.667,0.000,0.000,1.079,-0.878,0.000,1.000,0.000,0.000,1.000,0.000
2025-07-08 14:04:03.752691,1001,126.62267590,45.80095080,179.582,-2.520,31.891,-0.696,17.613,-0.231,180.000,0.700,0.000,-0.171,1.986,0.000,0.733,-4.667,0.000,0.000,1.079,-0.878,0.000,1.000,0.000,0.000,1.000,0.000
2025-07-08 14:04:03.862808,731,126.62267570,45.80095010,179.462,-1.085,31.813,-0.688,17.597,-0.199,180.000,0.700,0.000,0.163,2.050,0.000,0.716,-3.056,0.000,0.000,1.080,-0.875,0.000,1.000,0.000,0.000,1.000,0.000
2025-07-08 14:04:03.972910,558,126.62267560,45.80094940,179.327,-1.227,31.735,-0.634,17.589,-0.255,180.000,0.700,0.000,0.378,2.003,0.000,0.683,-3.056,0.000,0.000,1.080,-0.874,0.000,1.000,0.000,0.000,1.000,0.000
2025-07-08 14:04:04.083005,488,126.62267560,45.80094870,179.166,-1.467,31.657,-0.639,17.589,-0.285,180.000,0.700,0.000,0.551,2.120,0.000,0.700,-3.056,0.000,0.000,1.078,-0.875,0.000,1.000,0.000,0.000,1.000,0.000
2025-07-08 14:04:04.193106,221,126.62267540,45.80094800,178.999,-1.503,31.579,-0.674,17.574,-0.232,180.000,0.700,0.000,0.722,1.876,0.000,0.713,-3.056,0.000,0.000,1.076,-0.876,0.000,1.000,0.000,0.000,1.000,0.000
2025-07-08 14:04:04.303212,9951,126.62267520,45.80094730,178.732,-2.427,31.502,-0.677,17.558,-0.256,180.000,0.700,0.000,0.895,1.871,0.000,0.724,-3.056,0.000,0.000,1.072,-0.879,0.000,1.000,0.000,0.000,1.000,0.000
2025-07-08 14:04:04.413308,9791,126.62267510,45.80094670,178.395,-3.065,31.435,-0.701,17.551,-0.148,180.000,0.700,0.000,1.132,1.862,0.000,0.716,-1.500,0.000,0.000,1.067,-0.883,0.000,1.000,0.000,0.000,1.000,0.000
2025-07-08 14:04:04.523438,9601,126.62267500,45.80094580,177.970,-3.867,31.335,-0.709,17.543,-0.129,180.000,0.700,0.000,1.443,1.951,0.000,0.721,-1.500,0.000,0.000,1.059,-0.890,0.000,1.000,0.000,0.000,1.000,0.000
2025-07-08 14:04:04.633532,9441,126.62267490,45.80094520,177.721,-2.258,31.268,-0.678,17.535,-0.218,180.000,0.700,0.000,1.855,1.888,0.000,0.712,-1.500,0.000,0.000,1.046,-0.900,0.000,1.000,0.000,0.000,1.000,0.000
2025-07-08 14:04:04.743654,9158,126.62267470,45.80094440,177.651,-0.638,31.179,-0.656,17.520,-0.235,180.000,0.700,0.000,2.225,1.954,0.000,0.697,-1.500,0.000,0.000,1.030,-0.912,0.000,1.000,0.000,0.000,1.000,0.000
2025-07-08 14:04:04.853764,8888,126.62267450,45.80094370,177.724,0.665,31.101,-0.621,17.504,-0.241,180.000,0.700,0.000,2.479,2.006,0.000,0.666,0.278,0.000,0.000,1.016,-0.924,0.000,1.000,0.000,0.000,1.000,0.000
2025-07-08 14:04:04.963833,8728,126.62267440,45.80094310,177.724,-0.005,31.035,-0.594,17.496,-0.134,180.000,0.700,0.000,2.584,2.122,0.000,0.609,0.278,0.000,0.000,1.008,-0.931,0.000,1.000,0.000,0.000,1.000,0.000
2025-07-08 14:04:05.073957,8578,126.62267430,45.80094260,177.518,-1.871,30.979,-0.607,17.489,-0.124,180.000,0.700,0.000,2.657,2.336,0.000,0.620,0.278,0.000,0.000,1.001,-0.938,0.000,1.000,0.000,0.000,1.000,0.000
2025-07-08 14:04:05.184049,8521,126.62267430,45.80094200,177.236,-2.558,30.912,-0.689,17.489,-0.200,180.000,0.700,0.000,2.851,2.032,0.000,0.717,0.278,0.000,0.000,0.990,-0.948,0.000,1.000,0.000,0.000,1.000,0.000
2025-07-08 14:04:05.294165,8351,126.62267420,45.80094130,176.979,-2.319,30.834,-0.716,17.481,-0.237,180.000,0.700,0.000,3.171,1.506,0.000,0.754,0.278,0.000,0.000,0.976,-0.961,0.000,1.000,0.000,0.000,1.000,0.000
2025-07-08 14:04:05.404254,8188,126.62267410,45.80094070,176.875,-0.944,30.768,-0.599,17.473,-0.118,180.000,0.700,0.000,3.559,1.725,0.000,0.611,0.333,0.000,0.000,0.960,-0.976,0.000,1.000,0.000,0.000,1.000,0.000
2025-07-08 14:04:05.514389,7925,126.62267390,45.80094010,176.828,-0.431,30.701,-0.570,17.458,-0.093,180.000,0.700,0.000,3.885,2.748,0.000,0.578,0.333,0.000,0.000,0.947,-0.987,0.000,1.000,0.000,0.000,1.000,0.000
2025-07-08 14:04:05.624467,7775,126.62267380,45.80093960,176.761,-0.611,30.645,-0.538,17.450,-0.084,180.000,0.700,0.000,4.124,2.314,0.000,0.545,0.333,0.000,0.000,0.941,-0.993,0.000,1.000,0.000,0.000,1.000,0.000
2025-07-08 14:04:05.734585,7715,126.62267380,45.80093900,176.660,-0.911,30.579,-0.514,17.450,-0.067,180.000,0.700,0.000,4.312,2.391,0.000,0.518,0.333,0.000,0.000,0.938,-0.996,0.000,1.000,0.000,0.000,1.000,0.000
2025-07-08 14:04:05.844669,7555,126.62267370,45.80093840,176.599,-0.556,30.512,-0.520,17.442,-0.098,180.000,0.700,0.000,4.485,2.433,0.000,0.529,0.333,0.000,0.000,0.937,-0.997,0.000,1.000,0.000,0.000,1.000,0.000
2025-07-08 14:04:05.954788,7301,126.62267350,45.80093780,176.479,-1.096,30.445,-0.653,17.427,-0.310,180.000,0.700,0.000,4.614,2.289,0.000,0.723,0.333,0.000,0.000,0.938,-0.996,0.000,1.000,0.000,0.000,1.000,0.000
2025-07-08 14:04:06.064900,6838,126.62267310,45.80093720,176.452,-0.240,30.378,-0.579,17.396,-0.196,180.000,0.700,0.000,4.756,1.205,0.000,0.611,0.333,0.000,0.000,0.939,-0.995,0.000,1.000,0.000,0.000,1.000,0.000
2025-07-08 14:04:06.174999,6268,126.62267260,45.80093650,176.378,-0.676,30.301,-0.602,17.357,-0.072,180.000,0.700,0.000,4.832,2.755,0.000,0.606,0.333,0.000,0.000,0.942,-0.992,0.000,1.000,0.000,0.000,1.000,0.000
2025-07-08 14:04:06.285103,5908,126.62267230,45.80093590,176.269,-0.984,30.234,-0.600,17.334,-0.032,180.000,0.700,0.000,4.902,2.298,0.000,0.601,0.333,0.000,0.000,0.945,-0.989,0.000,1.000,0.000,0.000,1.000,0.000
2025-07-08 14:04:06.395191,5538,126.62267200,45.80093520,176.107,-1.467,30.156,-0.671,17.310,-0.135,180.000,0.700,0.000,5.001,2.328,0.000,0.684,2.222,0.000,0.000,0.946,-0.988,0.000,1.000,0.000,0.000,1.000,0.000
2025-07-08 14:04:06.505317,5278,126.62267180,45.80093460,175.996,-1.015,30.089,-0.667,17.295,-0.158,180.000,0.700,0.000,5.166,1.820,0.000,0.685,2.222,0.000,0.000,0.944,-0.989,0.000,1.000,0.000,0.000,1.000,0.000
2025-07-08 14:04:06.615408,4898,126.62267150,45.80093390,175.963,-0.295,30.012,-0.630,17.272,-0.171,180.000,0.700,0.000,5.335,2.197,0.000,0.653,2.222,0.000,0.000,0.943,-0.991,0.000,1.000,0.000,0.000,1.000,0.000
2025-07-08 14:04:06.725523,4558,126.62267120,45.80093340,175.990,0.240,29.956,-0.630,17.248,-0.182,180.000,0.700,0.000,5.436,2.402,0.000,0.656,2.222,0.000,0.000,0.945,-0.989,0.000,1.000,0.000,0.000,1.000,0.000
2025-07-08 14:04:06.835615,4188,126.62267090,45.80093270,176.028,0.349,29.878,-0.612,17.225,-0.166,180.000,0.700,0.000,5.436,2.247,0.000,0.634,2.222,0.000,0.000,0.951,-0.983,0.000,1.000,0.000,0.000,1.000,0.000
2025-07-08 14:04:06.945732,4025,126.62267080,45.80093210,176.062,0.305,29.811,-0.564,17.217,-0.058,180.000,0.700,0.000,5.363,2.401,0.000,0.567,2.222,0.000,0.000,0.958,-0.976,0.000,1.000,0.000,0.000,1.000,0.000
2025-07-08 14:04:07.055856,4078,126.62267090,45.80093160,176.087,0.229,29.756,-0.630,17.225,-0.133,180.000,0.700,0.000,5.258,2.722,0.000,0.644,2.222,0.000,0.000,0.965,-0.969,0.000,1.000,0.000,0.000,1.000,0.000
2025-07-08 14:04:07.165948,4118,126.62267100,45.80093100,176.096,0.087,29.689,-0.589,17.233,-0.136,180.000,0.700,0.000,5.155,1.982,0.000,0.604,2.222,0.000,0.000,0.970,-0.964,0.000,1.000,0.000,0.000,1.000,0.000
2025-07-08 14:04:07.276050,4068,126.62267100,45.80093050,176.105,0.082,29.633,-0.594,17.233,-0.162,180.000,0.700,0.000,5.078,2.582,0.000,0.616,2.222,0.000,0.000,0.972,-0.961,0.000,1.000,0.000,0.000,1.000,0.000
2025-07-08 14:04:07.386179,4008,126.62267100,45.80092990,176.171,0.589,29.567,-0.643,17.233,-0.028,180.000,0.700,0.000,5.027,2.356,0.000,0.644,2.222,0.000,0.000,0.973,-0.960,0.000,1.000,0.000,0.000,1.000,0.000
2025-07-08 14:04:07.496259,3848,126.62267090,45.80092930,176.257,0.785,29.500,-0.622,17.225,0.004,180.000,0.700,0.000,4.951,2.257,0.000,0.622,2.222,0.000,0.000,0.975,-0.959,0.000,1.000,0.000,0.000,1.000,0.000
2025-07-08 14:04:07.606371,3898,126.62267100,45.80092880,176.286,0.262,29.444,-0.590,17.233,-0.112,180.000,0.700,0.000,4.842,2.527,0.000,0.601,2.222,0.000,0.000,0.978,-0.956,0.000,1.000,0.000,0.000,1.000,0.000
2025-07-08 14:04:07.716463,3845,126.62267100,45.80092830,176.243,-0.387,29.389,-0.580,17.233,-0.131,180.000,0.700,0.000,4.763,2.576,0.000,0.595,2.222,0.000,0.000,0.979,-0.955,0.000,1.000,0.000,0.000,1.000,0.000
2025-07-08 14:04:07.826576,3788,126.62267100,45.80092770,176.230,-0.120,29.322,-0.584,17.233,-0.183,180.000,0.700,0.000,4.763,2.536,0.000,0.612,2.278,0.000,0.000,0.976,-0.958,0.000,1.000,0.000,0.000,1.000,0.000
2025-07-08 14:04:07.936682,3531,126.62267080,45.80092720,176.499,2.444,29.267,-0.681,17.217,-0.185,180.000,0.700,0.000,4.791,2.427,0.000,0.706,2.278,0.000,0.000,0.973,-0.961,0.000,1.000,0.000,0.000,1.000,0.000
2025-07-08 14:04:08.046779,3258,126.62267060,45.80092640,176.626,1.151,29.178,-0.624,17.202,-0.010,180.000,0.700,0.000,4.605,1.960,0.000,0.624,2.278,0.000,0.000,0.979,-0.955,0.000,1.000,0.000,0.000,1.000,0.000
2025-07-08 14:04:08.156883,3088,126.62267050,45.80092570,176.722,0.873,29.100,-0.605,17.194,0.035,180.000,0.700,0.000,4.398,2.877,0.000,0.606,2.278,0.000,0.000,0.985,-0.948,0.000,1.000,0.000,0.000,1.000,0.000
2025-07-08 14:04:08.266986,2918,126.62267040,45.80092500,176.819,0.884,29.022,-0.615,17.186,-0.041,180.000,0.700,0.000,4.212,2.632,0.000,0.616,2.278,0.000,0.000,0.989,-0.944,0.000,1.000,0.000,0.000,1.000,0.000
2025-07-08 14:04:08.377086,2768,126.62267030,45.80092450,176.902,0.746,28.966,-0.645,17.178,-0.162,180.000,0.700,0.000,4.046,2.508,0.000,0.665,2.222,0.000,0.000,0.992,-0.941,0.000,1.000,0.000,0.000,1.000,0.000
2025-07-08 14:04:08.487200,2498,126.62267010,45.80092380,176.995,0.845,28.888,-0.659,17.163,-0.223,180.000,0.700,0.000,3.907,2.279,0.000,0.696,2.222,0.000,0.000,0.993,-0.940,0.000,1.000,0.000,0.000,1.000,0.000
2025-07-08 14:04:08.597308,2238,126.62266990,45.80092320,177.037,0.382,28.822,-0.645,17.147,-0.086,180.000,0.700,0.000,3.778,2.323,0.000,0.651,2.222,0.000,0.000,0.993,-0.940,0.000,1.000,0.000,0.000,1.000,0.000
2025-07-08 14:04:08.707408,1968,126.62266970,45.80092250,177.033,-0.033,28.744,-0.660,17.132,-0.065,180.000,0.700,0.000,3.693,2.735,0.000,0.663,2.222,0.000,0.000,0.992,-0.941,0.000,1.000,0.000,0.000,1.000,0.000
2025-07-08 14:04:08.817517,1798,126.62266960,45.80092180,177.046,0.120,28.666,-0.642,17.124,-0.012,180.000,0.700,0.000,3.667,2.466,0.000,0.642,2.222,0.000,0.000,0.989,-0.944,0.000,1.000,0.000,0.000,1.000,0.000
2025-07-08 14:04:08.927611,1638,126.62266950,45.80092120,177.161,1.047,28.599,-0.602,17.116,0.031,180.000,0.700,0.000,3.662,2.658,0.000,0.603,1.833,0.000,0.000,0.985,-0.948,0.000,1.000,0.000,0.000,1.000,0.000
2025-07-08 14:04:09.037728,1758,126.62266970,45.80092050,177.404,2.204,28.521,-0.595,17.132,-0.137,180.000,0.700,0.000,3.592,2.813,0.000,0.611,1.833,0.000,0.000,0.985,-0.948,0.000,1.000,0.000,0.000,1.000,0.000
2025-07-08 14:04:09.147828,1718,126.62266970,45.80092000,177.620,1.969,28.466,-0.578,17.132,-0.195,180.000,0.700,0.000,3.388,2.609,0.000,0.610,1.833,0.000,0.000,0.990,-0.943,0.000,1.000,0.000,0.000,1.000,0.000
2025-07-08 14:04:09.257949,1558,126.62266960,45.80091940,177.739,1.080,28.399,-0.631,17.124,-0.143,180.000,0.700,0.000,3.126,2.667,0.000,0.647,1.833,0.000,0.000,0.997,-0.936,0.000,1.000,0.000,0.000,1.000,0.000
2025-07-08 14:04:09.368031,1501,126.62266960,45.80091880,177.726,-0.120,28.332,-0.713,17.124,-0.023,180.000,0.700,0.000,2.906,2.461,0.000,0.713,2.055,0.000,0.000,1.001,-0.931,0.000,1.000,0.000,0.000,1.000,0.000
2025-07-08 14:04:09.478155,1321,126.62266950,45.80091810,177.709,-0.157,28.255,-0.712,17.116,0.017,180.000,0.700,0.000,2.807,2.239,0.000,0.712,2.055,0.000,0.000,1.001,-0.931,0.000,1.000,0.000,0.000,1.000,0.000
2025-07-08 14:04:09.588257,1268,126.62266950,45.80091750,177.815,0.971,28.188,-0.674,17.116,-0.077,180.000,0.700,0.000,2.777,2.545,0.000,0.678,2.055,0.000,0.000,0.998,-0.934,0.000,1.000,0.000,0.000,1.000,0.000
2025-07-08 14:04:09.698345,1208,126.62266950,45.80091690,178.088,2.482,28.121,-0.631,17.116,-0.068,180.000,0.700,0.000,2.702,2.741,0.000,0.635,2.055,0.000,0.000,0.997,-0.935,0.000,1.000,0.000,0.000,1.000,0.000
2025-07-08 14:04:09.808459,1158,126.62266950,45.80091640,178.372,2.575,28.066,-0.608,17.116,-0.081,180.000,0.700,0.000,2.487,2.857,0.000,0.613,2.055,0.000,0.000,1.001,-0.931,0.000,1.000,0.000,0.000,1.000,0.000
2025-07-08 14:04:09.918559,998,126.62266940,45.80091580,178.611,2.176,27.999,-0.630,17.109,-0.160,180.000,0.700,0.000,2.191,2.801,0.000,0.650,1.833,0.000,0.000,1.008,-0.924,0.000,1.000,0.000,0.000,1.000,0.000
2025-07-08 14:04:10.028742,631,126.62266910,45.80091510,178.680,0.627,27.921,-0.693,17.085,-0.115,180.000,0.700,0.000,1.886,2.502,0.000,0.702,1.833,0.000,0.000,1.014,-0.916,0.000,1.000,0.000,0.000,1.000,0.000
2025-07-08 14:04:10.138769,251,126.62266880,45.80091430,178.601,-0.715,27.832,-0.712,17.062,-0.123,180.000,0.700,0.000,1.691,2.363,0.000,0.723,1.833,0.000,0.000,1.017,-0.913,0.000,1.000,0.000,0.000,1.000,0.000
2025-07-08 14:04:10.248876,9978,126.62266860,45.80091360,178.547,-0.496,27.754,-0.681,17.047,-0.091,180.000,0.700,0.000,1.646,2.479,0.000,0.687,1.833,0.000,0.000,1.016,-0.915,0.000,1.000,0.000,0.000,1.000,0.000
2025-07-08 14:04:10.358972,9698,126.62266840,45.80091280,178.669,1.113,27.665,-0.643,17.031,-0.073,180.000,0.700,0.000,1.663,2.780,0.000,0.647,1.555,0.000,0.000,1.013,-0.917,0.000,1.000,0.000,0.000,1.000,0.000
2025-07-08 14:04:10.469089,9438,126.62266820,45.80091220,178.910,2.168,27.599,-0.677,17.016,-0.023,180.000,0.700,0.000,1.600,2.862,0.000,0.677,1.555,0.000,0.000,1.012,-0.918,0.000,1.000,0.000,0.000,1.000,0.000
2025-07-08 14:04:10.579199,9268,126.62266810,45.80091150,179.192,2.569,27.521,-0.638,17.008,-0.127,180.000,0.700,0.000,1.422,2.510,0.000,0.651,1.555,0.000,0.000,1.015,-0.916,0.000,1.000,0.000,0.000,1.000,0.000
2025-07-08 14:04:10.699305,9108,126.62266800,45.80091090,179.339,1.225,27.454,-0.647,17.000,-0.105,180.000,0.700,0.000,1.161,2.815,0.000,0.655,1.555,0.000,0.000,1.019,-0.911,0.000,1.000,0.000,0.000,1.000,0.000
2025-07-08 14:04:10.819428,8928,126.62266790,45.80091010,179.370,0.255,27.365,-0.671,16.992,-0.161,180.000,0.700,0.000,0.945,2.676,0.000,0.690,1.555,0.000,0.000,1.022,-0.908,0.000,1.000,0.000,0.000,1.000,0.000
2025-07-08 14:04:10.939523,8564,126.62266760,45.80090940,179.408,0.320,27.287,-0.739,16.969,-0.312,180.000,0.700,0.000,0.822,2.511,0.000,0.802,1.111,0.000,0.000,1.023,-0.906,0.000,1.000,0.000,0.000,1.000,0.000
2025-07-08 14:04:11.059667,7971,126.62266710,45.80090850,179.509,0.840,27.187,-0.779,16.930,-0.070,180.000,0.700,0.000,0.741,2.022,0.000,0.782,1.111,0.000,0.000,1.023,-0.906,0.000,1.000,0.000,0.000,1.000,0.000
2025-07-08 14:04:11.179772,7381,126.62266660,45.80090760,179.594,0.705,27.087,-0.711,16.892,-0.085,180.000,0.700,0.000,0.642,2.578,0.000,0.716,1.111,0.000,0.000,1.024,-0.905,0.000,1.000,0.000,0.000,1.000,0.000
2025-07-08 14:04:11.300248,6898,126.62266620,45.80090680,179.647,0.441,26.998,-0.694,16.861,-0.030,180.000,0.700,0.000,0.544,2.832,0.000,0.695,1.111,0.000,0.000,1.025,-0.904,0.000,1.000,0.000,0.000,1.000,0.000
2025-07-08 14:04:11.420016,6501,126.62266590,45.80090590,179.744,0.812,26.898,-0.699,16.837,-0.107,180.000,0.700,0.000,0.466,2.697,0.000,0.707,1.111,0.000,0.000,1.025,-0.904,0.000,1.000,0.000,0.000,1.000,0.000
2025-07-08 14:04:11.540120,6238,126.62266570,45.80090520,179.912,1.393,26.820,-0.688,16.822,-0.102,180.000,0.700,0.000,0.372,2.532,0.000,0.696,1.111,0.000,0.000,1.025,-0.903,0.000,1.000,0.000,0.000,1.000,0.000
2025-07-08 14:04:11.660256,5861,126.62266540,45.80090440,-179.862,1.393,26.731,-0.699,16.799,-0.247,180.000,0.700,0.000,0.228,2.649,0.000,0.741,1.111,0.000,0.000,1.026,-0.902,0.000,1.000,0.000,0.000,1.000,0.000
2025-07-08 14:04:11.770693,5491,126.62266510,45.80090370,-179.652,1.909,26.653,-0.714,16.775,-0.295,180.000,0.700,0.000,0.400,2.342,-0.000,0.773,1.111,0.000,0.000,0.209,-2.238,0.000,1.000,0.000,0.000,1.000,0.000
2025-07-08 14:04:11.880821,5001,126.62266470,45.80090290,-179.507,1.315,26.564,-0.721,16.744,-0.334,180.000,0.700,0.000,0.565,2.335,0.000,0.795,-0.333,0.000,0.000,0.212,-2.237,0.000,1.000,0.000,0.000,1.000,0.000
2025-07-08 14:04:11.990899,4741,126.62266450,45.80090220,-179.484,0.213,26.487,-0.730,16.729,-0.089,180.000,0.700,0.000,0.789,2.327,0.000,0.735,-0.333,0.000,0.000,0.217,-2.233,0.000,1.000,0.000,0.000,1.000,0.000
2025-07-08 14:04:12.101002,4671,126.62266450,45.80090150,-179.506,-0.196,26.409,-0.734,16.729,-0.050,180.000,0.700,0.000,1.296,2.764,0.000,0.736,-0.333,0.000,0.000,0.225,-2.227,0.000,1.000,0.000,0.000,1.000,0.000
2025-07-08 14:04:12.211111,4501,126.62266440,45.80090080,-179.516,-0.092,26.331,-0.718,16.721,-0.108,180.000,0.700,0.000,2.491,2.485,0.000,0.726,-0.333,0.000,0.000,0.244,-2.216,0.000,1.000,0.000,0.000,1.000,0.000
2025-07-08 14:04:12.321367,4528,126.62266450,45.80090010,-179.440,0.693,26.253,-0.686,16.729,-0.076,180.000,0.700,0.000,4.933,2.537,0.000,0.690,-0.445,0.000,0.000,0.296,-2.188,0.000,1.000,0.000,0.000,1.000,0.000
2025-07-08 14:04:12.431334,4461,126.62266450,45.80089940,-179.233,1.876,26.175,-0.668,16.729,-0.232,180.000,0.700,0.000,8.241,2.704,0.000,0.707,-0.445,0.000,0.000,0.450,-2.111,0.000,1.000,0.000,0.000,1.000,0.000
2025-07-08 14:04:12.541445,4298,126.62266440,45.80089880,-178.978,2.324,26.109,-0.647,16.721,-0.263,180.000,0.700,0.000,9.677,2.441,0.000,0.698,-0.445,0.000,0.000,0.746,-1.933,0.000,1.000,0.000,0.000,1.000,0.000
2025-07-08 14:04:12.651540,4131,126.62266430,45.80089810,-178.642,3.055,26.031,-0.681,16.713,-0.221,180.000,0.700,0.000,7.516,2.569,0.000,0.716,-0.445,0.000,0.000,1.078,-1.651,0.000,1.000,0.000,0.000,1.000,0.000
2025-07-08 14:04:12.761639,3871,126.62266410,45.80089750,-178.427,1.947,25.964,-0.710,16.698,-0.239,180.000,0.700,0.000,3.724,2.424,0.000,0.749,-0.445,0.000,0.000,1.325,-1.333,0.000,1.000,0.000,0.000,1.000,0.000
2025-07-08 14:04:12.871747,3591,126.62266390,45.80089680,-178.341,0.785,25.886,-0.746,16.682,-0.230,180.000,0.700,0.000,0.958,2.299,0.000,0.781,7.889,0.000,0.000,1.440,-1.099,0.000,1.000,0.000,0.000,1.000,0.000
2025-07-08 14:04:12.981832,3431,126.62266380,45.80089610,-178.352,-0.098,25.808,-0.743,16.675,-0.150,180.000,0.700,0.000,-0.367,2.249,0.000,0.758,7.889,0.000,0.000,1.464,-1.008,0.000,1.000,0.000,0.000,1.000,0.000
2025-07-08 14:04:13.091962,3251,126.62266370,45.80089530,-178.318,0.305,25.719,-0.718,16.667,-0.117,180.000,0.700,0.000,-0.906,2.511,0.000,0.727,7.889,0.000,0.000,1.458,-0.994,0.000,1.000,0.000,0.000,1.000,0.000
2025-07-08 14:04:13.202037,3181,126.62266370,45.80089460,-178.251,0.611,25.642,-0.728,16.667,-0.186,180.000,0.700,0.000,-1.148,2.580,0.000,0.751,7.889,0.000,0.000,1.449,-0.998,0.000,1.000,0.000,0.000,1.000,0.000
2025-07-08 14:04:13.312168,3111,126.62266370,45.80089390,-178.159,0.827,25.564,-0.724,16.667,-0.184,180.000,0.700,0.000,-1.287,2.291,0.000,0.747,7.889,0.000,0.000,1.440,-1.005,0.000,1.000,0.000,0.000,1.000,0.000
2025-07-08 14:04:13.422260,3041,126.62266370,45.80089320,-178.048,1.009,25.486,-0.690,16.667,-0.223,180.000,0.700,0.000,-1.399,2.414,0.000,0.725,-0.056,0.000,0.000,1.430,-1.014,0.000,1.000,0.000,0.000,1.000,0.000
2025-07-08 14:04:13.532382,2871,126.62266360,45.80089250,-177.848,1.822,25.408,-0.687,16.659,-0.247,180.000,0.700,0.000,-1.512,2.516,0.000,0.730,-0.056,0.000,0.000,1.419,-1.024,0.000,1.000,0.000,0.000,1.000,0.000
2025-07-08 14:04:13.642476,2601,126.62266340,45.80089180,-177.629,1.985,25.330,-0.695,16.644,-0.126,180.000,0.700,0.000,-1.674,2.382,0.000,0.706,-0.056,0.000,0.000,1.406,-1.036,0.000,1.000,0.000,0.000,1.000,0.000
2025-07-08 14:04:13.752582,2428,126.62266330,45.80089110,-177.424,1.871,25.252,-0.691,16.636,-0.105,180.000,0.700,0.000,-1.873,2.541,0.000,0.699,-0.056,0.000,0.000,1.390,-1.051,0.000,1.000,0.000,0.000,1.000,0.000
2025-07-08 14:04:13.862695,2161,126.62266310,45.80089040,-177.439,-0.136,25.175,-0.703,16.620,-0.084,180.000,0.700,0.000,-2.094,2.476,0.000,0.708,-1.389,0.000,0.000,1.372,-1.067,0.000,1.000,0.000,0.000,1.000,0.000
2025-07-08 14:04:13.972776,1891,126.62266290,45.80088970,-177.495,-0.513,25.097,-0.748,16.605,-0.248,180.000,0.700,0.000,-2.220,2.388,0.000,0.788,-1.389,0.000,0.000,1.355,-1.082,0.000,1.000,0.000,0.000,1.000,0.000
2025-07-08 14:04:14.082893,1504,126.62266260,45.80088890,-177.562,-0.605,25.008,-0.763,16.582,-0.258,180.000,0.700,0.000,-2.281,1.944,0.000,0.805,-1.389,0.000,0.000,1.341,-1.095,0.000,1.000,0.000,0.000,1.000,0.000
2025-07-08 14:04:14.193001,1031,126.62266220,45.80088810,-177.589,-0.251,24.919,-0.765,16.551,-0.227,180.000,0.700,0.000,-2.304,2.183,0.000,0.798,-1.389,0.000,0.000,1.329,-1.107,0.000,1.000,0.000,0.000,1.000,0.000
2025-07-08 14:04:14.303101,661,126.62266190,45.80088740,-177.571,0.168,24.841,-0.762,16.527,-0.222,180.000,0.700,0.000,-2.325,2.284,0.000,0.794,-1.389,0.000,0.000,1.319,-1.117,0.000,1.000,0.000,0.000,1.000,0.000
2025-07-08 14:04:14.413341,178,126.62266150,45.80088660,-177.541,0.273,24.752,-0.674,16.496,-0.182,180.000,0.700,0.000,-2.369,2.255,0.000,0.698,-1.000,0.000,0.000,1.308,-1.128,0.000,1.000,0.000,0.000,1.000,0.000
2025-07-08 14:04:14.523340,9808,126.62266120,45.80088590,-177.519,0.196,24.674,-0.656,16.473,-0.175,180.000,0.700,0.000,-2.432,2.791,0.000,0.679,-1.000,0.000,0.000,1.297,-1.138,0.000,1.000,0.000,0.000,1.000,0.000
2025-07-08 14:04:14.633398,9441,126.62266090,45.80088520,-177.498,0.191,24.596,-0.711,16.450,-0.210,180.000,0.700,0.000,-2.501,2.474,0.000,0.741,-1.000,0.000,0.000,1.287,-1.149,0.000,1.000,0.000,0.000,1.000,0.000
2025-07-08 14:04:14.743537,9071,126.62266060,45.80088450,-177.470,0.256,24.518,-0.720,16.427,-0.209,180.000,0.700,0.000,-2.571,2.014,0.000,0.750,-1.000,0.000,0.000,1.277,-1.158,0.000,1.000,0.000,0.000,1.000,0.000
2025-07-08 14:04:14.853603,8801,126.62266040,45.80088380,-177.466,0.033,24.441,-0.734,16.411,-0.214,180.000,0.700,0.000,-2.647,2.238,0.000,0.765,-3.445,0.000,0.000,1.267,-1.167,0.000,1.000,0.000,0.000,1.000,0.000
2025-07-08 14:04:14.963734,8221,126.62265990,45.80088300,-177.521,-0.502,24.352,-0.708,16.372,-0.240,180.000,0.700,0.000,-2.712,2.176,0.000,0.748,-3.445,0.000,0.000,1.259,-1.176,0.000,1.000,0.000,0.000,1.000,0.000
2025-07-08 14:04:15.073847,7761,126.62265950,45.80088240,-177.632,-1.009,24.285,-0.713,16.341,-0.253,180.000,0.700,0.000,-2.734,2.331,0.000,0.757,-3.445,0.000,0.000,1.253,-1.181,0.000,1.000,0.000,0.000,1.000,0.000
2025-07-08 14:04:15.183953,7171,126.62265900,45.80088160,-177.806,-1.582,24.196,-0.729,16.303,-0.189,180.000,0.700,0.000,-2.696,2.190,0.000,0.753,-3.445,0.000,0.000,1.251,-1.184,0.000,1.000,0.000,0.000,1.000,0.000
2025-07-08 14:04:15.294049,6711,126.62265860,45.80088090,-177.974,-1.522,24.118,-0.738,16.272,-0.182,180.000,0.700,0.000,-2.584,2.239,0.000,0.760,-3.445,0.000,0.000,1.251,-1.183,0.000,1.000,0.000,0.000,1.000,0.000
2025-07-08 14:04:15.404146,6231,126.62265820,45.80088010,-178.163,-1.708,24.029,-0.724,16.241,-0.205,180.000,0.700,0.000,-2.430,2.169,0.000,0.752,-2.778,0.000,0.000,1.254,-1.180,0.000,1.000,0.000,0.000,1.000,0.000
2025-07-08 14:04:15.514336,5861,126.62265790,45.80087940,-178.251,-0.796,23.951,-0.705,16.217,-0.174,180.000,0.700,0.000,-2.240,2.234,0.000,0.726,-2.778,0.000,0.000,1.258,-1.176,0.000,1.000,0.000,0.000,1.000,0.000
2025-07-08 14:04:15.624360,5391,126.62265750,45.80087870,-178.229,0.202,23.874,-0.665,16.186,-0.230,180.000,0.700,0.000,-2.087,2.346,0.000,0.704,-2.778,0.000,0.000,1.261,-1.173,0.000,1.000,0.000,0.000,1.000,0.000
2025-07-08 14:04:15.734457,5021,126.62265720,45.80087800,-178.174,0.496,23.796,-0.654,16.163,-0.250,180.000,0.700,0.000,-2.019,2.357,0.000,0.700,-2.778,0.000,0.000,1.260,-1.173,0.000,1.000,0.000,0.000,1.000,0.000
2025-07-08 14:04:15.844554,4551,126.62265680,45.80087730,-178.244,-0.633,23.718,-0.668,16.132,-0.305,180.000,0.700,0.000,-2.016,2.275,0.000,0.734,-2.611,0.000,0.000,1.258,-1.176,0.000,1.000,0.000,0.000,1.000,0.000
2025-07-08 14:04:15.954673,4091,126.62265640,45.80087670,-178.369,-1.140,23.651,-0.637,16.101,-0.334,180.000,0.700,0.000,-1.982,2.053,0.000,0.719,-2.611,0.000,0.000,1.256,-1.178,0.000,1.000,0.000,0.000,1.000,0.000
2025-07-08 14:04:16.064774,3521,126.62265590,45.80087600,-178.586,-1.969,23.573,-0.730,16.062,-0.186,180.000,0.700,0.000,-1.899,2.292,0.000,0.753,-2.611,0.000,0.000,1.256,-1.178,0.000,1.000,0.000,0.000,1.000,0.000
2025-07-08 14:04:16.174879,3061,126.62265550,45.80087540,-178.796,-1.909,23.507,-0.691,16.031,-0.187,180.000,0.700,0.000,-1.738,2.013,0.000,0.716,-2.611,0.000,0.000,1.259,-1.175,0.000,1.000,0.000,0.000,1.000,0.000
2025-07-08 14:04:16.284957,2588,126.62265510,45.80087470,-179.033,-2.160,23.429,-0.662,16.000,-0.138,180.000,0.700,0.000,-1.538,2.382,0.000,0.676,-2.611,0.000,0.000,1.263,-1.170,0.000,1.000,0.000,0.000,1.000,0.000
2025-07-08 14:04:16.395087,2231,126.62265480,45.80087410,-179.232,-1.789,23.362,-0.675,15.977,-0.295,180.000,0.700,0.000,-1.303,2.448,0.000,0.737,-2.945,0.000,0.000,1.268,-1.165,0.000,1.000,0.000,0.000,1.000,0.000
2025-07-08 14:04:16.505308,1861,126.62265450,45.80087340,-179.440,-1.887,23.284,-0.669,15.954,-0.315,180.000,0.700,0.000,-1.072,1.908,0.000,0.739,-2.945,0.000,0.000,1.272,-1.160,0.000,1.000,0.000,0.000,1.000,0.000
2025-07-08 14:04:16.615331,1391,126.62265410,45.80087270,-179.588,-1.353,23.206,-0.695,15.923,-0.341,180.000,0.700,0.000,-0.842,2.158,0.000,0.774,-2.945,0.000,0.000,1.276,-1.155,0.000,1.000,0.000,0.000,1.000,0.000
2025-07-08 14:04:16.725411,934,126.62265370,45.80087210,-179.671,-0.747,23.140,-0.704,15.892,-0.390,180.000,0.700,0.000,-0.645,1.952,0.000,0.805,-2.945,0.000,0.000,1.278,-1.152,0.000,1.000,0.000,0.000,1.000,0.000
2025-07-08 14:04:16.835512,264,126.62265310,45.80087140,-179.749,-0.709,23.062,-0.699,15.845,-0.426,180.000,0.700,0.000,-0.500,1.908,0.000,0.819,-2.278,0.000,0.000,1.280,-1.150,0.000,1.000,0.000,0.000,1.000,0.000
2025-07-08 14:04:16.945629,9701,126.62265260,45.80087080,-179.865,-1.058,22.995,-0.668,15.806,-0.266,180.000,0.700,0.000,-0.385,1.941,0.000,0.719,-2.278,0.000,0.000,1.281,-1.149,0.000,1.000,0.000,0.000,1.000,0.000
2025-07-08 14:04:17.055736,9331,126.62265230,45.80087010,179.913,-1.058,22.917,-0.708,15.783,-0.133,180.000,0.700,0.000,-0.267,2.579,0.000,0.720,-2.278,0.000,0.000,1.282,-1.148,0.000,1.000,0.000,0.000,1.000,0.000
2025-07-08 14:04:17.165830,9061,126.62265210,45.80086940,179.681,-2.105,22.839,-0.718,15.768,-0.220,180.000,0.700,0.000,-0.560,2.115,0.000,0.751,-2.278,0.000,0.000,0.324,-2.530,0.000,1.000,0.000,0.000,1.000,0.000
2025-07-08 14:04:17.275942,8791,126.62265190,45.80086870,179.397,-2.585,22.762,-0.705,15.752,-0.191,180.000,0.700,0.000,-1.020,1.932,0.000,0.730,-2.278,0.000,0.000,0.329,-2.528,0.000,1.000,0.000,0.000,1.000,0.000
2025-07-08 14:04:17.386068,8521,126.62265170,45.80086800,179.150,-2.242,22.684,-0.670,15.737,-0.320,180.000,0.700,0.000,-1.797,2.183,0.000,0.742,-2.667,0.000,0.000,0.342,-2.520,0.000,1.000,0.000,0.000,1.000,0.000
2025-07-08 14:04:17.496146,8151,126.62265140,45.80086730,178.874,-2.492,22.606,-0.667,15.713,-0.355,180.000,0.700,0.000,-3.213,2.010,0.000,0.756,-2.667,0.000,0.000,0.380,-2.499,0.000,1.000,0.000,0.000,1.000,0.000
2025-07-08 14:04:17.606351,7791,126.62265110,45.80086670,178.646,-2.073,22.539,-0.678,15.690,-0.265,180.000,0.700,0.000,-5.370,1.977,0.000,0.728,-2.667,0.000,0.000,0.481,-2.443,0.000,1.000,0.000,0.000,1.000,0.000
2025-07-08 14:04:17.716349,7321,126.62265070,45.80086600,178.466,-1.631,22.461,-0.679,15.659,-0.294,180.000,0.700,0.000,-7.320,2.191,0.000,0.740,-2.667,0.000,0.000,0.693,-2.316,0.000,1.000,0.000,0.000,1.000,0.000
2025-07-08 14:04:17.826514,6951,126.62265040,45.80086530,178.396,-0.638,22.384,-0.666,15.636,-0.311,180.000,0.700,0.000,-7.276,1.987,0.000,0.735,-2.945,0.000,0.000,0.995,-2.094,0.000,1.000,0.000,0.000,1.000,0.000
2025-07-08 14:04:17.936542,6488,126.62265000,45.80086470,178.393,-0.033,22.317,-0.634,15.605,-0.176,180.000,0.700,0.000,-5.083,2.062,0.000,0.658,-2.945,0.000,0.000,1.283,-1.805,0.000,1.000,0.000,0.000,1.000,0.000
2025-07-08 14:04:18.046679,6218,126.62264980,45.80086400,178.233,-1.451,22.239,-0.623,15.589,-0.172,180.000,0.700,0.000,-2.434,2.498,0.000,0.646,-2.945,0.000,0.000,1.471,-1.536,0.000,1.000,0.000,0.000,1.000,0.000
2025-07-08 14:04:18.156769,5848,126.62264950,45.80086330,177.870,-3.300,22.161,-0.636,15.566,-0.152,180.000,0.700,0.000,-0.522,2.228,0.000,0.654,-2.945,0.000,0.000,1.552,-1.366,0.000,1.000,0.000,0.000,1.000,0.000
2025-07-08 14:04:18.266879,5588,126.62264930,45.80086270,177.499,-3.376,22.094,-0.662,15.551,-0.209,180.000,0.700,0.000,0.665,2.140,0.000,0.694,-2.945,0.000,0.000,1.566,-1.300,0.000,1.000,0.000,0.000,1.000,0.000
2025-07-08 14:04:18.376974,5321,126.62264910,45.80086200,177.217,-2.564,22.017,-0.710,15.535,-0.240,180.000,0.700,0.000,1.431,1.942,0.000,0.749,-3.778,0.000,0.000,1.552,-1.290,0.000,1.000,0.000,0.000,1.000,0.000
2025-07-08 14:04:18.487078,5061,126.62264890,45.80086140,177.139,-0.709,21.950,-0.681,15.520,-0.240,180.000,0.700,0.000,1.968,1.792,0.000,0.722,-3.778,0.000,0.000,1.529,-1.300,0.000,1.000,0.000,0.000,1.000,0.000
2025-07-08 14:04:18.597247,4688,126.62264860,45.80086070,177.137,-0.016,21.872,-0.622,15.496,-0.231,-90.000,0.700,0.000,2.317,2.198,0.000,0.664,-3.778,0.000,0.000,1.000,0.000,0.000,1.000,0.000,0.000,1.000,0.000
2025-07-08 14:04:18.707317,4328,126.62264830,45.80086010,175.037,-19.089,21.805,-0.639,15.473,-0.243,-90.000,0.700,0.000,30.000,0.320,0.000,0.684,-3.778,0.000,0.000,0.951,-0.042,0.000,1.000,0.000,0.000,1.000,0.000
2025-07-08 14:04:18.817416,3971,126.62264800,45.80085950,174.664,-3.391,21.739,-0.651,15.450,-0.258,-90.000,0.700,0.000,30.000,0.000,0.000,0.700,-3.778,0.000,0.000,0.040,-0.112,0.000,1.000,0.000,0.000,1.000,0.000
2025-07-08 14:04:18.927517,3501,126.62264760,45.80085880,174.339,-2.955,21.661,-0.663,15.419,-0.252,-90.000,0.700,0.000,30.000,0.000,0.000,0.709,2.389,0.000,0.000,0.068,-0.084,0.000,1.000,0.000,0.000,1.000,0.000
2025-07-08 14:04:19.037613,3038,126.62264720,45.80085820,174.367,0.255,21.594,-0.656,15.388,-0.204,-90.000,0.700,0.000,30.000,0.000,0.000,0.687,2.389,0.000,0.000,0.070,-0.082,0.000,1.000,0.000,0.000,1.000,0.000
2025-07-08 14:04:19.147731,2558,126.62264680,45.80085740,174.602,2.136,21.505,-0.648,15.357,-0.193,-90.000,0.700,0.000,30.000,0.130,0.000,0.676,2.389,0.000,0.000,0.076,-0.076,0.000,1.000,0.000,0.000,1.000,0.000
2025-07-08 14:04:19.257825,2195,126.62264650,45.80085680,174.857,2.318,21.438,-0.518,15.334,-0.104,-90.000,0.700,0.000,30.000,0.098,0.000,0.528,2.389,0.000,0.000,0.080,-0.072,0.000,1.000,0.000,0.000,1.000,0.000
2025-07-08 14:04:19.367911,1825,126.62264620,45.80085610,174.997,1.273,21.361,-0.486,15.310,-0.188,-90.000,0.700,0.000,30.000,0.946,0.000,0.521,29.611,0.000,0.000,0.080,-0.072,0.000,1.000,0.000,0.000,1.000,0.000
2025-07-08 14:04:19.478054,1465,126.62264590,45.80085550,175.048,0.464,21.294,-0.487,15.287,-0.184,-90.000,0.700,0.000,30.000,0.357,0.000,0.521,29.611,0.000,0.000,0.078,-0.074,0.000,1.000,0.000,0.000,1.000,0.000
2025-07-08 14:04:19.588148,1105,126.62264560,45.80085490,175.224,1.586,21.227,-0.478,15.264,-0.244,-90.000,0.700,0.000,30.000,0.366,0.000,0.537,29.611,0.000,0.000,0.077,-0.075,0.000,1.000,0.000,0.000,1.000,0.000
2025-07-08 14:04:19.698347,745,126.62264530,45.80085430,175.561,3.064,21.160,-0.484,15.240,-0.295,-90.000,0.700,0.000,30.000,0.306,0.000,0.567,29.611,0.000,0.000,0.079,-0.073,0.000,1.000,0.000,0.000,1.000,0.000
2025-07-08 14:04:19.808356,185,126.62264480,45.80085370,176.059,4.527,21.094,-0.488,15.202,-0.321,-90.000,0.700,0.000,30.000,0.233,0.000,0.584,29.611,0.000,0.000,0.081,-0.071,0.000,1.000,0.000,0.000,1.000,0.000
2025-07-08 14:04:19.918456,9822,126.62264450,45.80085310,176.601,4.927,21.027,-0.456,15.178,-0.117,-90.000,0.700,0.000,30.000,0.295,0.000,0.471,29.611,0.000,0.000,0.084,-0.068,0.000,1.000,0.000,0.000,1.000,0.000
2025-07-08 14:04:20.028567,9689,126.62264440,45.80085280,176.965,3.309,20.994,-0.385,15.171,-0.080,-90.000,0.700,0.000,30.000,1.083,0.000,0.393,29.611,0.000,0.000,0.085,-0.067,0.000,1.000,0.000,0.000,1.000,0.000
2025-07-08 14:04:20.138674,9659,126.62264440,45.80085250,177.175,1.909,20.960,-0.384,15.171,-0.036,-90.000,0.700,0.000,30.000,1.088,0.000,0.386,29.611,0.000,0.000,0.082,-0.070,0.000,1.000,0.000,0.000,1.000,0.000
2025-07-08 14:04:20.248774,9622,126.62264440,45.80085210,177.308,1.209,20.916,-0.462,15.171,-0.175,-90.000,0.700,0.000,30.000,0.849,0.000,0.494,29.611,0.000,0.000,0.080,-0.072,0.000,1.000,0.000,0.000,1.000,0.000
2025-07-08 14:04:20.358955,9485,126.62264430,45.80085180,177.441,1.209,20.882,-0.472,15.163,-0.211,-90.000,0.700,0.000,30.000,0.229,0.000,0.517,29.611,0.000,0.000,0.078,-0.074,0.000,1.000,0.000,0.000,1.000,0.000
2025-07-08 14:04:20.469071,9352,126.62264420,45.80085140,177.772,3.009,20.838,-0.407,15.155,-0.270,-90.000,0.700,0.000,30.000,0.628,0.000,0.488,29.611,0.000,0.000,0.078,-0.074,0.000,1.000,0.000,0.000,1.000,0.000
2025-07-08 14:04:20.579113,9112,126.62264400,45.80085100,178.299,4.748,20.793,-0.391,15.140,-0.170,-90.000,0.700,0.000,30.000,0.945,0.000,0.426,29.611,0.000,0.000,0.081,-0.071,0.000,1.000,0.000,0.000,1.000,0.000
2025-07-08 14:04:20.689208,8862,126.62264380,45.80085060,178.771,4.291,20.749,-0.383,15.124,-0.153,-90.000,0.700,0.000,30.000,1.237,0.000,0.412,29.611,0.000,0.000,0.085,-0.067,0.000,1.000,0.000,0.000,1.000,0.000
2025-07-08 14:04:20.808948,8642,126.62264360,45.80085030,179.145,3.143,20.716,-0.393,15.109,-0.134,-90.000,0.700,0.000,30.000,1.100,0.000,0.415,29.611,0.000,0.000,0.084,-0.068,0.000,1.000,0.000,0.000,1.000,0.000
2025-07-08 14:04:20.919065,8402,126.62264340,45.80084990,179.333,1.709,20.671,-0.373,15.093,-0.152,-90.000,0.700,0.000,30.000,1.084,0.000,0.403,29.611,0.000,0.000,0.082,-0.070,0.000,1.000,0.000,0.000,1.000,0.000
2025-07-08 14:04:21.029145,8072,126.62264310,45.80084960,179.457,1.117,20.638,-0.387,15.070,-0.189,-90.000,0.700,0.000,30.000,1.239,0.000,0.431,29.611,0.000,0.000,0.079,-0.073,0.000,1.000,0.000,0.000,1.000,0.000
2025-07-08 14:04:21.149266,7742,126.62264280,45.80084930,179.626,1.408,20.604,-0.383,15.047,-0.184,-90.000,0.700,0.000,30.000,1.079,0.000,0.425,29.611,0.000,0.000,0.078,-0.074,0.000,1.000,0.000,0.000,1.000,0.000
2025-07-08 14:04:21.269380,7402,126.62264250,45.80084890,179.845,1.825,20.560,-0.400,15.023,-0.230,-90.000,0.700,0.000,30.000,1.298,0.000,0.461,29.611,0.000,0.000,0.079,-0.073,0.000,1.000,0.000,0.000,1.000,0.000
2025-07-08 14:04:21.389489,7072,126.62264220,45.80084860,-179.931,1.825,20.527,-0.370,15.000,-0.247,-90.000,0.700,0.000,30.000,1.133,0.000,0.445,29.611,0.000,0.000,0.080,-0.072,0.000,1.000,0.000,0.000,1.000,0.000
2025-07-08 14:04:21.509603,6642,126.62264180,45.80084830,-179.659,2.267,20.493,-0.357,14.969,-0.264,-90.000,0.700,0.000,30.000,1.436,-0.000,0.444,29.611,0.000,0.000,0.080,-0.072,0.000,1.000,0.000,0.000,1.000,0.000
2025-07-08 14:04:21.629720,6199,126.62264140,45.80084790,-179.279,3.167,20.449,-0.340,14.938,-0.126,-90.000,0.700,0.000,30.000,1.433,0.000,0.363,29.611,0.000,0.000,0.080,-0.072,0.000,1.000,0.000,0.000,1.000,0.000
2025-07-08 14:04:21.749833,5869,126.62264110,45.80084760,-179.011,2.233,20.415,-0.346,14.915,-0.092,-90.000,0.700,0.000,30.000,1.952,0.000,0.358,29.611,0.000,0.000,0.082,-0.070,0.000,1.000,0.000,0.000,1.000,0.000
2025-07-08 14:04:21.869940,5539,126.62264080,45.80084730,-178.935,0.633,20.382,-0.345,14.892,-0.075,-90.000,0.700,0.000,30.000,1.720,0.000,0.353,29.389,0.000,0.000,0.081,-0.071,0.000,1.000,0.000,0.000,1.000,0.000
2025-07-08 14:04:21.990066,5202,126.62264050,45.80084690,-179.025,-0.750,20.338,-0.372,14.868,-0.241,-90.000,0.700,0.000,30.000,1.812,0.000,0.443,29.389,0.000,0.000,0.077,-0.075,0.000,1.000,0.000,0.000,1.000,0.000
2025-07-08 14:04:22.110171,4772,126.62264010,45.80084660,-179.050,-0.207,20.304,-0.363,14.837,-0.263,-90.000,0.700,0.000,30.000,1.364,0.000,0.448,29.389,0.000,0.000,0.075,-0.077,0.000,1.000,0.000,0.000,1.000,0.000
2025-07-08 14:04:22.230290,4232,126.62263960,45.80084620,-178.821,1.908,20.260,-0.382,14.799,-0.235,-90.000,0.700,0.000,30.000,1.772,0.000,0.448,29.389,0.000,0.000,0.076,-0.076,0.000,1.000,0.000,0.000,1.000,0.000
2025-07-08 14:04:22.340384,3702,126.62263910,45.80084590,-178.464,3.245,20.226,-0.363,14.760,-0.244,-90.000,0.700,0.000,30.000,1.852,0.000,0.437,29.555,0.000,0.000,0.080,-0.072,0.000,1.000,0.000,0.000,1.000,0.000
2025-07-08 14:04:22.450491,3379,126.62263880,45.80084570,-178.191,2.482,20.204,-0.322,14.737,-0.192,-90.000,0.700,0.000,30.000,1.981,0.000,0.375,29.555,0.000,0.000,0.082,-0.070,0.000,1.000,0.000,0.000,1.000,0.000
2025-07-08 14:04:22.560608,2949,126.62263840,45.80084540,-178.014,1.609,20.171,-0.306,14.706,-0.174,-90.000,0.700,0.000,30.000,2.366,0.000,0.352,29.555,0.000,0.000,0.081,-0.071,0.000,1.000,0.000,0.000,1.000,0.000
2025-07-08 14:04:22.670711,2612,126.62263810,45.80084510,-177.963,0.464,20.137,-0.376,14.682,-0.178,-90.000,0.700,0.000,30.000,2.292,0.000,0.416,29.555,0.000,0.000,0.079,-0.073,0.000,1.000,0.000,0.000,1.000,0.000
2025-07-08 14:04:22.780810,2189,126.62263770,45.80084480,-177.924,0.355,20.104,-0.352,14.651,-0.178,-90.000,0.700,0.000,30.000,1.878,0.000,0.394,29.555,0.000,0.000,0.077,-0.075,0.000,1.000,0.000,0.000,1.000,0.000
2025-07-08 14:04:22.890914,1872,126.62263740,45.80084460,-177.776,1.345,20.082,-0.403,14.628,-0.260,-90.000,0.700,0.000,30.000,2.361,0.000,0.480,29.611,0.000,0.000,0.077,-0.075,0.000,1.000,0.000,0.000,1.000,0.000
2025-07-08 14:04:23.001043,1422,126.62263700,45.80084410,-177.485,2.645,20.026,-0.422,14.597,-0.248,-90.000,0.700,0.000,30.000,1.816,0.000,0.489,29.611,0.000,0.000,0.078,-0.074,0.000,1.000,0.000,0.000,1.000,0.000
2025-07-08 14:04:23.161205,872,126.62263650,45.80084360,-176.957,3.280,19.971,-0.389,14.558,-0.267,-90.000,0.700,0.000,30.000,2.207,0.000,0.472,29.611,0.000,0.000,0.081,-0.071,0.000,1.000,0.000,0.000,1.000,0.000
2025-07-08 14:04:23.271310,212,126.62263590,45.80084300,-175.979,8.891,19.904,-0.376,14.512,-0.184,-90.000,0.700,0.000,30.000,2.415,0.000,0.419,29.611,0.000,0.000,0.085,-0.067,0.000,1.000,0.000,0.000,1.000,0.000
2025-07-08 14:04:23.381399,9772,126.62263550,45.80084270,-175.392,5.336,19.871,-0.379,14.481,-0.147,-90.000,0.700,0.000,30.000,2.702,0.000,0.407,29.611,0.000,0.000,0.092,-0.060,0.000,1.000,0.000,0.000,1.000,0.000
2025-07-08 14:04:23.491511,9339,126.62263510,45.80084230,-174.903,4.445,19.826,-0.368,14.450,-0.134,-90.000,0.700,0.000,30.000,2.596,0.000,0.392,29.611,0.000,0.000,0.086,-0.066,0.000,1.000,0.000,0.000,1.000,0.000
2025-07-08 14:04:23.601611,8912,126.62263470,45.80084200,-174.571,3.018,19.793,-0.447,14.419,-0.152,-90.000,0.700,0.000,30.000,2.695,0.000,0.472,29.611,0.000,0.000,0.084,-0.068,0.000,1.000,0.000,0.000,1.000,0.000
2025-07-08 14:04:23.711719,8572,126.62263440,45.80084160,-174.056,4.682,19.748,-0.419,14.396,-0.143,-90.000,0.700,0.000,30.000,2.209,0.000,0.443,29.611,0.000,0.000,0.082,-0.070,0.000,1.000,0.000,0.000,1.000,0.000
2025-07-08 14:04:23.821801,8242,126.62263410,45.80084130,-173.315,6.736,19.715,-0.379,14.372,-0.156,-90.000,0.700,0.000,30.000,2.803,0.000,0.410,29.611,0.000,0.000,0.084,-0.068,0.000,1.000,0.000,0.000,1.000,0.000
2025-07-08 14:04:23.931935,7905,126.62263380,45.80084090,-172.356,8.718,19.670,-0.418,14.349,-0.277,-90.000,0.700,0.000,30.000,2.924,0.000,0.501,29.611,0.000,0.000,0.088,-0.064,0.000,1.000,0.000,0.000,1.000,0.000
2025-07-08 14:04:24.042039,7549,126.62263350,45.80084040,-171.118,11.255,19.615,-0.317,14.326,-0.178,-90.000,0.700,0.000,30.000,2.286,0.000,0.364,29.611,0.000,0.000,0.092,-0.060,0.000,1.000,0.000,0.000,1.000,0.000
2025-07-08 14:04:24.152146,7099,126.62263310,45.80083990,-169.766,12.180,19.559,-0.311,14.295,-0.182,-90.000,0.700,0.000,30.000,3.578,0.000,0.360,29.611,0.000,0.000,0.096,-0.056,0.000,1.000,0.000,0.000,1.000,0.000
2025-07-08 14:04:24.262314,6862,126.62263290,45.80083950,-168.759,9.155,19.515,-0.449,14.279,-0.058,-90.000,0.700,0.000,30.000,3.046,0.000,0.453,29.611,0.000,0.000,0.098,-0.054,0.000,1.000,0.000,0.000,1.000,0.000
2025-07-08 14:04:24.372352,6512,126.62263260,45.80083900,-167.728,9.373,19.459,-0.484,14.256,-0.122,-90.000,0.700,0.000,30.000,2.548,0.000,0.499,29.611,0.000,0.000,0.093,-0.059,0.000,1.000,0.000,0.000,1.000,0.000
2025-07-08 14:04:24.482444,6272,126.62263240,45.80083860,-166.696,9.382,19.415,-0.453,14.240,-0.106,-90.000,0.700,0.000,30.000,2.741,0.000,0.465,29.611,0.000,0.000,0.093,-0.059,0.000,1.000,0.000,0.000,1.000,0.000
2025-07-08 14:04:24.592565,6032,126.62263220,45.80083820,-165.233,13.300,19.370,-0.428,14.225,-0.147,-90.000,0.700,0.000,30.000,3.201,0.000,0.453,29.611,0.000,0.000,0.093,-0.059,0.000,1.000,0.000,0.000,1.000,0.000
2025-07-08 14:04:24.702655,5782,126.62263200,45.80083780,-163.766,13.336,19.326,-0.393,14.209,-0.144,-90.000,0.700,0.000,30.000,3.176,0.000,0.419,29.611,0.000,0.000,0.100,-0.052,0.000,1.000,0.000,0.000,1.000,0.000
2025-07-08 14:04:24.812759,5659,126.62263190,45.80083750,-161.946,16.545,19.292,-0.350,14.202,-0.145,-90.000,0.700,0.000,30.000,3.378,0.000,0.379,29.611,0.000,0.000,0.100,-0.052,0.000,1.000,0.000,0.000,1.000,0.000
2025-07-08 14:04:24.922858,5419,126.62263170,45.80083720,-160.236,15.545,19.259,-0.381,14.186,-0.106,-90.000,0.700,0.000,30.000,3.525,0.000,0.395,29.611,0.000,0.000,0.106,-0.046,0.000,1.000,0.000,0.000,1.000,0.000
2025-07-08 14:04:25.032988,5382,126.62263170,45.80083670,-158.166,18.818,19.203,-0.453,14.186,-0.079,-90.000,0.700,0.000,30.000,3.315,0.000,0.460,29.611,0.000,0.000,0.105,-0.047,0.000,1.000,0.000,0.000,1.000,0.000
2025-07-08 14:04:25.143061,5432,126.62263180,45.80083620,-156.277,17.173,19.148,-0.440,14.194,-0.049,-90.000,0.700,0.000,30.000,3.069,0.000,0.443,29.611,0.000,0.000,0.110,-0.042,0.000,1.000,0.000,0.000,1.000,0.000
2025-07-08 14:04:25.253176,5485,126.62263190,45.80083570,-154.130,19.342,19.092,-0.536,14.202,-0.099,-90.000,0.700,0.000,30.000,3.518,0.000,0.545,29.611,0.000,0.000,0.108,-0.044,0.000,1.000,0.000,0.000,1.000,0.000
2025-07-08 14:04:25.363303,5435,126.62263190,45.80083520,-152.124,18.236,19.037,-0.522,14.202,-0.121,-90.000,0.700,0.000,30.000,2.878,0.000,0.536,29.611,0.000,0.000,0.112,-0.040,0.000,1.000,0.000,0.000,1.000,0.000
2025-07-08 14:04:25.473403,5485,126.62263200,45.80083480,-150.434,15.364,18.992,-0.515,14.209,-0.100,-90.000,0.700,0.000,30.000,3.433,0.000,0.525,29.611,0.000,0.000,0.110,-0.042,0.000,1.000,0.000,0.000,1.000,0.000
2025-07-08 14:04:25.583501,5545,126.62263210,45.80083430,-148.317,19.245,18.936,-0.572,14.217,-0.141,-90.000,0.700,0.000,30.000,3.495,0.000,0.589,29.611,0.000,0.000,0.104,-0.048,0.000,1.000,0.000,0.000,1.000,0.000
